[
  {
    "userId": 5,
    "id": 81,
    "title": "suscipit qui totam",
    "completed": true
  },
  {
    "userId": 5,
    "id": 83,
    "title": "quidem at rerum quis ex aut sit quam",
    "completed": true
  },
  {
    "userId": 5,
    "id": 85,
    "title": "et quia ad iste a",
    "completed": true
  },
  {
    "userId": 5,
    "id": 86,
    "title": "incidunt ut saepe autem",
    "completed": true
  },
  {
    "userId": 5,
    "id": 87,
    "title": "laudantium quae eligendi consequatur quia et vero autem",
    "completed": true
  },
  {
    "userId": 5,
    "id": 89,
    "title": "sequi ut omnis et",
    "completed": true
  },
  {
    "userId": 5,
    "id": 90,
    "title": "molestiae nisi accusantium tenetur dolorem et",
    "completed": true
  },
  {
    "userId": 5,
    "id": 91,
    "title": "nulla quis consequatur saepe qui id expedita",
    "completed": true
  },
  {
    "userId": 5,
    "id": 92,
    "title": "in omnis laboriosam",
    "completed": true
  },
  {
    "userId": 5,
    "id": 93,
    "title": "odio iure consequatur molestiae quibusdam necessitatibus quia sint",
    "completed": true
  },
  {
    "userId": 5,
    "id": 95,
    "title": "vel nihil et molestiae iusto assumenda nemo quo ut",
    "completed": true
  },
  {
    "userId": 5,
    "id": 98,
    "title": "debitis accusantium ut quo facilis nihil quis sapiente necessitatibus",
    "completed": true
  },
  {
    "userId": 10,
    "id": 182,
    "title": "inventore saepe cumque et aut illum enim",
    "completed": true
  },
  {
    "userId": 10,
    "id": 183,
    "title": "omnis nulla eum aliquam distinctio",
    "completed": true
  },
  {
    "userId": 10,
    "id": 188,
    "title": "vel non beatae est",
    "completed": true
  },
  {
    "userId": 10,
    "id": 189,
    "title": "culpa eius et voluptatem et",
    "completed": true
  },
  {
    "userId": 10,
    "id": 190,
    "title": "accusamus sint iusto et voluptatem exercitationem",
    "completed": true
  },
  {
    "userId": 10,
    "id": 191,
    "title": "temporibus atque distinctio omnis eius impedit tempore molestias pariatur",
    "completed": true
  },
  {
    "userId": 10,
    "id": 193,
    "title": "rerum debitis voluptatem qui eveniet tempora distinctio a",
    "completed": true
  },
  {
    "userId": 10,
    "id": 195,
    "title": "rerum ex veniam mollitia voluptatibus pariatur",
    "completed": true
  },
  {
    "userId": 10,
    "id": 196,
    "title": "consequuntur aut ut fugit similique",
    "completed": true
  },
  {
    "userId": 10,
    "id": 197,
    "title": "dignissimos quo nobis earum saepe",
    "completed": true
  },
  {
    "userId": 10,
    "id": 198,
    "title": "quis eius est sint explicabo",
    "completed": true
  },
  {
    "userId": 10,
    "id": 199,
    "title": "numquam repellendus a magnam",
    "completed": true
  }
]